{"cameraMode":{"drawMode":0,"name":"Shaded","section":"Shading Mode"},"sceneLighting":true,"audioPlay":false,"sceneViewState":{"m_AlwaysRefresh":false,"showFog":true,"showSkybox":true,"showFlares":true,"showImageEffects":true,"showParticleSystems":true,"showVisualEffectGraphs":true,"m_FxEnabled":false},"in2DMode":false,"pivot":{"x":27.606971740722658,"y":38.047584533691409,"z":39.02555465698242},"rotation":{"x":-0.013602785766124726,"y":-0.9861809611320496,"z":0.12712375819683076,"w":-0.10585398972034455},"size":43.867584228515628,"orthographic":false}