{"cameraMode":{"drawMode":0,"name":"Shaded","section":"Shading Mode"},"sceneLighting":true,"audioPlay":false,"sceneViewState":{"m_AlwaysRefresh":false,"showFog":true,"showSkybox":true,"showFlares":true,"showImageEffects":true,"showParticleSystems":true,"showVisualEffectGraphs":true,"m_FxEnabled":false},"in2DMode":false,"pivot":{"x":20.358726501464845,"y":0.3620777130126953,"z":-59.749046325683597},"rotation":{"x":-0.00701403571292758,"y":0.985973596572876,"z":-0.16113990545272828,"w":-0.04291696473956108},"size":89.50076293945313,"orthographic":false}