{"cameraMode":{"drawMode":0,"name":"Shaded","section":"Shading Mode"},"sceneLighting":false,"audioPlay":false,"sceneViewState":{"m_AlwaysRefresh":false,"showFog":false,"showSkybox":false,"showFlares":true,"showImageEffects":true,"showParticleSystems":true,"showVisualEffectGraphs":true,"m_FxEnabled":true},"in2DMode":false,"pivot":{"x":-0.9812021255493164,"y":0.4172278046607971,"z":-1.1721954345703126},"rotation":{"x":-0.003140745684504509,"y":0.9632216095924377,"z":-0.2684571146965027,"w":-0.011269543319940567},"size":0.18580500781536103,"orthographic":false}